snapshot_utc,snapshot_aest,lga_name,lga_code,provider_code,provider_name,active_outage_count,known_customer_count_outage_count,unknown_customer_count_outage_count,total_affected_customers,planned_customers,unplanned_customers,unknown_type_customers
2026-10-06T00:01:04Z,2026-10-06T10:01:04+10:00,Mackay Regional,4770,all,All providers,1,1,0,17,0,17,0
2026-10-06T00:01:04Z,2026-10-06T10:01:04+10:00,Mackay Regional,4770,au.qld.ergon,Ergon Energy,1,1,0,17,0,17,0
2026-10-06T00:01:04Z,2026-10-06T10:01:04+10:00,Mount Isa City,5300,all,All providers,1,1,0,4,0,4,0
2026-10-06T00:01:04Z,2026-10-06T10:01:04+10:00,Mount Isa City,5300,au.qld.ergon,Ergon Energy,1,1,0,4,0,4,0
2026-10-06T00:01:04Z,2026-10-06T10:01:04+10:00,Redland City,6250,all,All providers,1,1,0,2433,0,2433,0
2026-10-06T00:01:04Z,2026-10-06T10:01:04+10:00,Redland City,6250,au.qld.energex,Energex,1,1,0,2433,0,2433,0
2026-10-06T00:01:04Z,2026-10-06T10:01:04+10:00,Rockhampton Regional,6370,all,All providers,1,1,0,5,0,5,0
2026-10-06T00:01:04Z,2026-10-06T10:01:04+10:00,Rockhampton Regional,6370,au.qld.ergon,Ergon Energy,1,1,0,5,0,5,0
2026-10-06T00:01:04Z,2026-10-06T10:01:04+10:00,Somerset Regional,6580,all,All providers,2,2,0,232,0,232,0
2026-10-06T00:01:04Z,2026-10-06T10:01:04+10:00,Somerset Regional,6580,au.qld.energex,Energex,2,2,0,232,0,232,0
2026-10-06T00:01:04Z,2026-10-06T10:01:04+10:00,Southern Downs Regional,6660,all,All providers,1,1,0,229,0,229,0
2026-10-06T00:01:04Z,2026-10-06T10:01:04+10:00,Southern Downs Regional,6660,au.qld.ergon,Ergon Energy,1,1,0,229,0,229,0
2026-10-06T00:01:04Z,2026-10-06T10:01:04+10:00,Toowoomba Regional,6910,all,All providers,3,3,0,2116,0,2116,0
2026-10-06T00:01:04Z,2026-10-06T10:01:04+10:00,Toowoomba Regional,6910,au.qld.ergon,Ergon Energy,3,3,0,2116,0,2116,0
