window_start_utc,window_end_utc,lga_name,lga_code,provider_code,provider_name,snapshot_count,latest_snapshot_utc,latest_affected_customers,max_affected_customers,customer_snapshot_sum_48h,estimated_customer_minutes_48h,estimated_customer_hours_48h,estimated_customer_days_48h
2026-10-07T12:15:44Z,2026-10-09T12:15:44Z,Balonne Shire,300,all,All providers,16,2026-10-09T12:15:44Z,6,6,96,1439.3,23.9883,0.9995
2026-10-07T12:15:44Z,2026-10-09T12:15:44Z,Balonne Shire,300,au.qld.essentialenergy,Essential Energy,16,2026-10-09T12:15:44Z,6,6,96,1439.3,23.9883,0.9995
2026-10-07T12:15:44Z,2026-10-09T12:15:44Z,Banana Shire,370,all,All providers,60,2026-10-08T03:45:45Z,34,34,2040,31615.47,526.9244,21.9552
2026-10-07T12:15:44Z,2026-10-09T12:15:44Z,Banana Shire,370,au.qld.ergon,Ergon Energy,60,2026-10-08T03:45:45Z,34,34,2040,31615.47,526.9244,21.9552
2026-10-07T12:15:44Z,2026-10-09T12:15:44Z,Brisbane City,1000,all,All providers,2,2026-10-08T11:30:54Z,23,23,46,691.15,11.5192,0.48
2026-10-07T12:15:44Z,2026-10-09T12:15:44Z,Brisbane City,1000,au.qld.energex,Energex,2,2026-10-08T11:30:54Z,23,23,46,691.15,11.5192,0.48
2026-10-07T12:15:44Z,2026-10-09T12:15:44Z,Bulloo Shire,1750,all,All providers,13,2026-10-09T12:15:44Z,5,5,65,975.0,16.25,0.6771
2026-10-07T12:15:44Z,2026-10-09T12:15:44Z,Bulloo Shire,1750,au.qld.ergon,Ergon Energy,13,2026-10-09T12:15:44Z,5,5,65,975.0,16.25,0.6771
2026-10-07T12:15:44Z,2026-10-09T12:15:44Z,Bundaberg Regional,1820,all,All providers,2,2026-10-09T12:15:44Z,33,33,66,981.75,16.3625,0.6818
2026-10-07T12:15:44Z,2026-10-09T12:15:44Z,Bundaberg Regional,1820,au.qld.ergon,Ergon Energy,2,2026-10-09T12:15:44Z,33,33,66,981.75,16.3625,0.6818
2026-10-07T12:15:44Z,2026-10-09T12:15:44Z,Burdekin Shire,1900,all,All providers,19,2026-10-09T02:00:56Z,14,176,1749,26584.7,443.0783,18.4616
2026-10-07T12:15:44Z,2026-10-09T12:15:44Z,Burdekin Shire,1900,au.qld.ergon,Ergon Energy,19,2026-10-09T02:00:56Z,14,176,1749,26584.7,443.0783,18.4616
2026-10-07T12:15:44Z,2026-10-09T12:15:44Z,Cairns Regional,2080,all,All providers,66,2026-10-09T06:30:49Z,49,1285,10565,168135.83,2802.2639,116.761
2026-10-07T12:15:44Z,2026-10-09T12:15:44Z,Cairns Regional,2080,au.qld.ergon,Ergon Energy,66,2026-10-09T06:30:49Z,49,1285,10565,168135.83,2802.2639,116.761
2026-10-07T12:15:44Z,2026-10-09T12:15:44Z,Cassowary Coast Regional,2260,all,All providers,7,2026-10-09T12:15:44Z,2213,2213,14159,212521.43,3542.0239,147.5843
2026-10-07T12:15:44Z,2026-10-09T12:15:44Z,Cassowary Coast Regional,2260,au.qld.ergon,Ergon Energy,7,2026-10-09T12:15:44Z,2213,2213,14159,212521.43,3542.0239,147.5843
2026-10-07T12:15:44Z,2026-10-09T12:15:44Z,Fraser Coast Regional,3220,all,All providers,8,2026-10-09T12:15:44Z,4,341,369,10650.27,177.5044,7.396
2026-10-07T12:15:44Z,2026-10-09T12:15:44Z,Fraser Coast Regional,3220,au.qld.ergon,Ergon Energy,8,2026-10-09T12:15:44Z,4,341,369,10650.27,177.5044,7.396
2026-10-07T12:15:44Z,2026-10-09T12:15:44Z,Gladstone Regional,3360,all,All providers,71,2026-10-09T07:30:48Z,279,456,6509,98858.62,1647.6436,68.6518
2026-10-07T12:15:44Z,2026-10-09T12:15:44Z,Gladstone Regional,3360,au.qld.ergon,Ergon Energy,71,2026-10-09T07:30:48Z,279,456,6509,98858.62,1647.6436,68.6518
2026-10-07T12:15:44Z,2026-10-09T12:15:44Z,Gold Coast City,3430,all,All providers,70,2026-10-09T12:00:59Z,13,159,2401,36273.68,604.5614,25.1901
2026-10-07T12:15:44Z,2026-10-09T12:15:44Z,Gold Coast City,3430,au.qld.energex,Energex,70,2026-10-09T12:00:59Z,13,159,2401,36273.68,604.5614,25.1901
2026-10-07T12:15:44Z,2026-10-09T12:15:44Z,Isaac Regional,3980,all,All providers,42,2026-10-08T10:45:34Z,8,12,364,5455.47,90.9244,3.7885
2026-10-07T12:15:44Z,2026-10-09T12:15:44Z,Isaac Regional,3980,au.qld.ergon,Ergon Energy,42,2026-10-08T10:45:34Z,8,12,364,5455.47,90.9244,3.7885
2026-10-07T12:15:44Z,2026-10-09T12:15:44Z,Livingstone Shire,4530,all,All providers,39,2026-10-08T08:15:41Z,2,2,78,1168.8,19.48,0.8117
2026-10-07T12:15:44Z,2026-10-09T12:15:44Z,Livingstone Shire,4530,au.qld.ergon,Ergon Energy,39,2026-10-08T08:15:41Z,2,2,78,1168.8,19.48,0.8117
2026-10-07T12:15:44Z,2026-10-09T12:15:44Z,Logan City,4590,all,All providers,33,2026-10-09T12:00:59Z,983,983,7496,114051.88,1900.8647,79.2027
2026-10-07T12:15:44Z,2026-10-09T12:15:44Z,Logan City,4590,au.qld.energex,Energex,33,2026-10-09T12:00:59Z,983,983,7496,114051.88,1900.8647,79.2027
2026-10-07T12:15:44Z,2026-10-09T12:15:44Z,Mackay Regional,4770,all,All providers,11,2026-10-08T08:01:01Z,25,77,535,9185.8,153.0967,6.379
2026-10-07T12:15:44Z,2026-10-09T12:15:44Z,Mackay Regional,4770,au.qld.ergon,Ergon Energy,11,2026-10-08T08:01:01Z,25,77,535,9185.8,153.0967,6.379
2026-10-07T12:15:44Z,2026-10-09T12:15:44Z,Mareeba Shire,4880,all,All providers,14,2026-10-07T16:00:52Z,9,31,412,6644.48,110.7414,4.6142
2026-10-07T12:15:44Z,2026-10-09T12:15:44Z,Mareeba Shire,4880,au.qld.ergon,Ergon Energy,14,2026-10-07T16:00:52Z,9,31,412,6644.48,110.7414,4.6142
2026-10-07T12:15:44Z,2026-10-09T12:15:44Z,McKinlay Shire,4800,all,All providers,20,2026-10-09T12:15:44Z,22,22,440,6598.53,109.9756,4.5823
2026-10-07T12:15:44Z,2026-10-09T12:15:44Z,McKinlay Shire,4800,au.qld.ergon,Ergon Energy,20,2026-10-09T12:15:44Z,22,22,440,6598.53,109.9756,4.5823
2026-10-07T12:15:44Z,2026-10-09T12:15:44Z,Moreton Bay City,5010,all,All providers,40,2026-10-09T11:01:03Z,3,1791,18101,308807.65,5146.7942,214.4498
2026-10-07T12:15:44Z,2026-10-09T12:15:44Z,Moreton Bay City,5010,au.qld.energex,Energex,40,2026-10-09T11:01:03Z,3,1791,18101,308807.65,5146.7942,214.4498
2026-10-07T12:15:44Z,2026-10-09T12:15:44Z,Mount Isa City,5300,all,All providers,9,2026-10-09T12:15:44Z,434,434,3906,58590.0,976.5,40.6875
2026-10-07T12:15:44Z,2026-10-09T12:15:44Z,Mount Isa City,5300,au.qld.ergon,Ergon Energy,9,2026-10-09T12:15:44Z,434,434,3906,58590.0,976.5,40.6875
2026-10-07T12:15:44Z,2026-10-09T12:15:44Z,Murweh Shire,5600,all,All providers,8,2026-10-08T23:45:44Z,9,9,72,1078.05,17.9675,0.7486
2026-10-07T12:15:44Z,2026-10-09T12:15:44Z,Murweh Shire,5600,au.qld.ergon,Ergon Energy,8,2026-10-08T23:45:44Z,9,9,72,1078.05,17.9675,0.7486
2026-10-07T12:15:44Z,2026-10-09T12:15:44Z,North Burnett Regional,5760,all,All providers,1,2026-10-09T07:00:56Z,67,67,67,1005.0,16.75,0.6979
2026-10-07T12:15:44Z,2026-10-09T12:15:44Z,North Burnett Regional,5760,au.qld.ergon,Ergon Energy,1,2026-10-09T07:00:56Z,67,67,67,1005.0,16.75,0.6979
2026-10-07T12:15:44Z,2026-10-09T12:15:44Z,Quilpie Shire,6150,all,All providers,23,2026-10-09T12:15:44Z,3,12,258,3872.45,64.5408,2.6892
2026-10-07T12:15:44Z,2026-10-09T12:15:44Z,Quilpie Shire,6150,au.qld.ergon,Ergon Energy,23,2026-10-09T12:15:44Z,3,12,258,3872.45,64.5408,2.6892
2026-10-07T12:15:44Z,2026-10-09T12:15:44Z,Redland City,6250,all,All providers,23,2026-10-08T08:15:41Z,85,401,3535,58971.57,982.8594,40.9525
2026-10-07T12:15:44Z,2026-10-09T12:15:44Z,Redland City,6250,au.qld.energex,Energex,23,2026-10-08T08:15:41Z,85,401,3535,58971.57,982.8594,40.9525
2026-10-07T12:15:44Z,2026-10-09T12:15:44Z,Richmond Shire,6300,all,All providers,80,2026-10-09T00:45:43Z,11,11,880,13197.07,219.9511,9.1646
2026-10-07T12:15:44Z,2026-10-09T12:15:44Z,Richmond Shire,6300,au.qld.ergon,Ergon Energy,80,2026-10-09T00:45:43Z,11,11,880,13197.07,219.9511,9.1646
2026-10-07T12:15:44Z,2026-10-09T12:15:44Z,Rockhampton Regional,6370,all,All providers,5,2026-10-07T13:30:52Z,3,450,1101,16630.35,277.1725,11.5489
2026-10-07T12:15:44Z,2026-10-09T12:15:44Z,Rockhampton Regional,6370,au.qld.ergon,Ergon Energy,5,2026-10-07T13:30:52Z,3,450,1101,16630.35,277.1725,11.5489
2026-10-07T12:15:44Z,2026-10-09T12:15:44Z,South Burnett Regional,6630,all,All providers,60,2026-10-09T02:30:48Z,16,16,271,4197.82,69.9636,2.9152
2026-10-07T12:15:44Z,2026-10-09T12:15:44Z,South Burnett Regional,6630,au.qld.ergon,Ergon Energy,60,2026-10-09T02:30:48Z,16,16,271,4197.82,69.9636,2.9152
2026-10-07T12:15:44Z,2026-10-09T12:15:44Z,Sunshine Coast Regional,6720,all,All providers,15,2026-10-08T03:30:51Z,74,74,1110,16635.2,277.2533,11.5522
2026-10-07T12:15:44Z,2026-10-09T12:15:44Z,Sunshine Coast Regional,6720,au.qld.energex,Energex,15,2026-10-08T03:30:51Z,74,74,1110,16635.2,277.2533,11.5522
2026-10-07T12:15:44Z,2026-10-09T12:15:44Z,Tablelands Regional,6820,all,All providers,19,2026-10-08T04:45:39Z,2,5,50,749.68,12.4947,0.5206
2026-10-07T12:15:44Z,2026-10-09T12:15:44Z,Tablelands Regional,6820,au.qld.ergon,Ergon Energy,19,2026-10-08T04:45:39Z,2,5,50,749.68,12.4947,0.5206
2026-10-07T12:15:44Z,2026-10-09T12:15:44Z,Toowoomba Regional,6910,all,All providers,84,2026-10-08T14:01:01Z,19,96,3724,57979.97,966.3328,40.2639
2026-10-07T12:15:44Z,2026-10-09T12:15:44Z,Toowoomba Regional,6910,au.qld.ergon,Ergon Energy,84,2026-10-08T14:01:01Z,19,96,3724,57979.97,966.3328,40.2639
2026-10-07T12:15:44Z,2026-10-09T12:15:44Z,Townsville City,7010,all,All providers,23,2026-10-09T03:30:48Z,172,620,3272,60918.4,1015.3067,42.3044
2026-10-07T12:15:44Z,2026-10-09T12:15:44Z,Townsville City,7010,au.qld.ergon,Ergon Energy,23,2026-10-09T03:30:48Z,172,620,3272,60918.4,1015.3067,42.3044
2026-10-07T12:15:44Z,2026-10-09T12:15:44Z,Western Downs Regional,7310,all,All providers,10,2026-10-08T05:30:52Z,3,3,30,495.0,8.25,0.3438
2026-10-07T12:15:44Z,2026-10-09T12:15:44Z,Western Downs Regional,7310,au.qld.ergon,Ergon Energy,10,2026-10-08T05:30:52Z,3,3,30,495.0,8.25,0.3438
2026-10-07T12:15:44Z,2026-10-09T12:15:44Z,Whitsunday Regional,7340,all,All providers,77,2026-10-09T08:15:44Z,75,75,1076,16252.8,270.88,11.2867
2026-10-07T12:15:44Z,2026-10-09T12:15:44Z,Whitsunday Regional,7340,au.qld.ergon,Ergon Energy,77,2026-10-09T08:15:44Z,75,75,1076,16252.8,270.88,11.2867
