generated_utc,generated_aest,provider_name,status,record_count,error_message
2026-09-29T21:15:41Z,2026-09-30T07:15:41+10:00,Energex,OK,112,
2026-09-29T21:15:41Z,2026-09-30T07:15:41+10:00,Ergon Energy,OK,200,
2026-09-29T21:15:41Z,2026-09-30T07:15:41+10:00,Essential Energy,OK,0,
2026-09-29T21:30:41Z,2026-09-30T07:30:41+10:00,Energex,OK,112,
2026-09-29T21:30:41Z,2026-09-30T07:30:41+10:00,Ergon Energy,OK,199,
2026-09-29T21:30:41Z,2026-09-30T07:30:41+10:00,Essential Energy,OK,0,
2026-09-29T21:45:41Z,2026-09-30T07:45:41+10:00,Energex,OK,112,
2026-09-29T21:45:41Z,2026-09-30T07:45:41+10:00,Ergon Energy,OK,199,
2026-09-29T21:45:41Z,2026-09-30T07:45:41+10:00,Essential Energy,OK,0,
2026-09-29T22:01:18Z,2026-09-30T08:01:18+10:00,Energex,OK,113,
2026-09-29T22:01:18Z,2026-09-30T08:01:18+10:00,Ergon Energy,OK,169,
2026-09-29T22:01:18Z,2026-09-30T08:01:18+10:00,Essential Energy,OK,0,
2026-09-29T22:15:41Z,2026-09-30T08:15:41+10:00,Energex,OK,114,
2026-09-29T22:15:41Z,2026-09-30T08:15:41+10:00,Ergon Energy,OK,174,
2026-09-29T22:15:41Z,2026-09-30T08:15:41+10:00,Essential Energy,OK,3,
2026-09-29T22:30:48Z,2026-09-30T08:30:48+10:00,Energex,OK,117,
2026-09-29T22:30:48Z,2026-09-30T08:30:48+10:00,Ergon Energy,OK,176,
2026-09-29T22:30:48Z,2026-09-30T08:30:48+10:00,Essential Energy,OK,4,
2026-09-29T22:45:38Z,2026-09-30T08:45:38+10:00,Energex,OK,117,
2026-09-29T22:45:38Z,2026-09-30T08:45:38+10:00,Ergon Energy,OK,176,
2026-09-29T22:45:38Z,2026-09-30T08:45:38+10:00,Essential Energy,OK,19,
2026-09-29T23:00:57Z,2026-09-30T09:00:57+10:00,Energex,OK,117,
2026-09-29T23:00:57Z,2026-09-30T09:00:57+10:00,Ergon Energy,OK,178,
2026-09-29T23:00:57Z,2026-09-30T09:00:57+10:00,Essential Energy,OK,21,
2026-09-29T23:15:37Z,2026-09-30T09:15:37+10:00,Energex,OK,117,
2026-09-29T23:15:37Z,2026-09-30T09:15:37+10:00,Ergon Energy,OK,178,
2026-09-29T23:15:37Z,2026-09-30T09:15:37+10:00,Essential Energy,OK,55,
2026-09-29T23:30:47Z,2026-09-30T09:30:47+10:00,Energex,OK,117,
2026-09-29T23:30:47Z,2026-09-30T09:30:47+10:00,Ergon Energy,OK,177,
2026-09-29T23:30:47Z,2026-09-30T09:30:47+10:00,Essential Energy,OK,55,
2026-09-29T23:45:32Z,2026-09-30T09:45:32+10:00,Energex,OK,117,
2026-09-29T23:45:32Z,2026-09-30T09:45:32+10:00,Ergon Energy,OK,175,
2026-09-29T23:45:32Z,2026-09-30T09:45:32+10:00,Essential Energy,OK,62,
2026-09-30T00:00:59Z,2026-09-30T10:00:59+10:00,Energex,OK,117,
2026-09-30T00:00:59Z,2026-09-30T10:00:59+10:00,Ergon Energy,OK,173,
2026-09-30T00:00:59Z,2026-09-30T10:00:59+10:00,Essential Energy,OK,61,
2026-09-30T00:16:18Z,2026-09-30T10:16:18+10:00,Energex,OK,117,
2026-09-30T00:16:18Z,2026-09-30T10:16:18+10:00,Ergon Energy,OK,172,
2026-09-30T00:16:18Z,2026-09-30T10:16:18+10:00,Essential Energy,OK,61,
2026-09-30T00:30:48Z,2026-09-30T10:30:48+10:00,Energex,OK,116,
2026-09-30T00:30:48Z,2026-09-30T10:30:48+10:00,Ergon Energy,OK,174,
2026-09-30T00:30:48Z,2026-09-30T10:30:48+10:00,Essential Energy,OK,63,
2026-09-30T00:45:46Z,2026-09-30T10:45:46+10:00,Energex,OK,116,
2026-09-30T00:45:46Z,2026-09-30T10:45:46+10:00,Ergon Energy,OK,173,
2026-09-30T00:45:46Z,2026-09-30T10:45:46+10:00,Essential Energy,OK,63,
2026-09-30T01:00:58Z,2026-09-30T11:00:58+10:00,Energex,OK,116,
2026-09-30T01:00:58Z,2026-09-30T11:00:58+10:00,Ergon Energy,OK,170,
2026-09-30T01:00:58Z,2026-09-30T11:00:58+10:00,Essential Energy,OK,62,
2026-09-30T01:15:42Z,2026-09-30T11:15:42+10:00,Energex,OK,116,
2026-09-30T01:15:42Z,2026-09-30T11:15:42+10:00,Ergon Energy,OK,171,
2026-09-30T01:15:42Z,2026-09-30T11:15:42+10:00,Essential Energy,OK,63,
2026-09-30T01:30:46Z,2026-09-30T11:30:46+10:00,Energex,OK,116,
2026-09-30T01:30:46Z,2026-09-30T11:30:46+10:00,Ergon Energy,OK,168,
2026-09-30T01:30:46Z,2026-09-30T11:30:46+10:00,Essential Energy,OK,63,
2026-09-30T01:45:41Z,2026-09-30T11:45:41+10:00,Energex,OK,115,
2026-09-30T01:45:41Z,2026-09-30T11:45:41+10:00,Ergon Energy,OK,165,
2026-09-30T01:45:41Z,2026-09-30T11:45:41+10:00,Essential Energy,OK,57,
2026-09-30T02:00:54Z,2026-09-30T12:00:54+10:00,Energex,OK,115,
2026-09-30T02:00:54Z,2026-09-30T12:00:54+10:00,Ergon Energy,OK,166,
2026-09-30T02:00:54Z,2026-09-30T12:00:54+10:00,Essential Energy,OK,54,
2026-09-30T02:15:41Z,2026-09-30T12:15:41+10:00,Energex,OK,115,
2026-09-30T02:15:41Z,2026-09-30T12:15:41+10:00,Ergon Energy,OK,164,
2026-09-30T02:15:41Z,2026-09-30T12:15:41+10:00,Essential Energy,OK,54,
2026-09-30T02:30:50Z,2026-09-30T12:30:50+10:00,Energex,OK,115,
2026-09-30T02:30:50Z,2026-09-30T12:30:50+10:00,Ergon Energy,OK,162,
2026-09-30T02:30:50Z,2026-09-30T12:30:50+10:00,Essential Energy,OK,53,
2026-09-30T02:45:47Z,2026-09-30T12:45:47+10:00,Energex,OK,115,
2026-09-30T02:45:47Z,2026-09-30T12:45:47+10:00,Ergon Energy,OK,160,
2026-09-30T02:45:47Z,2026-09-30T12:45:47+10:00,Essential Energy,OK,53,
2026-09-30T03:00:51Z,2026-09-30T13:00:51+10:00,Energex,OK,115,
2026-09-30T03:00:51Z,2026-09-30T13:00:51+10:00,Ergon Energy,OK,158,
2026-09-30T03:00:51Z,2026-09-30T13:00:51+10:00,Essential Energy,OK,50,
2026-09-30T03:15:43Z,2026-09-30T13:15:43+10:00,Energex,OK,115,
2026-09-30T03:15:43Z,2026-09-30T13:15:43+10:00,Ergon Energy,OK,156,
2026-09-30T03:15:43Z,2026-09-30T13:15:43+10:00,Essential Energy,OK,51,
2026-09-30T03:30:47Z,2026-09-30T13:30:47+10:00,Energex,OK,115,
2026-09-30T03:30:47Z,2026-09-30T13:30:47+10:00,Ergon Energy,OK,156,
2026-09-30T03:30:47Z,2026-09-30T13:30:47+10:00,Essential Energy,OK,48,
2026-09-30T03:45:38Z,2026-09-30T13:45:38+10:00,Energex,OK,115,
2026-09-30T03:45:38Z,2026-09-30T13:45:38+10:00,Ergon Energy,OK,151,
2026-09-30T03:45:38Z,2026-09-30T13:45:38+10:00,Essential Energy,OK,46,
2026-09-30T04:01:00Z,2026-09-30T14:01:00+10:00,Energex,OK,115,
2026-09-30T04:01:00Z,2026-09-30T14:01:00+10:00,Ergon Energy,OK,147,
2026-09-30T04:01:00Z,2026-09-30T14:01:00+10:00,Essential Energy,OK,42,
2026-09-30T04:15:39Z,2026-09-30T14:15:39+10:00,Energex,OK,115,
2026-09-30T04:15:39Z,2026-09-30T14:15:39+10:00,Ergon Energy,OK,144,
2026-09-30T04:15:39Z,2026-09-30T14:15:39+10:00,Essential Energy,OK,38,
2026-09-30T04:30:48Z,2026-09-30T14:30:48+10:00,Energex,OK,114,
2026-09-30T04:30:48Z,2026-09-30T14:30:48+10:00,Ergon Energy,OK,143,
2026-09-30T04:30:48Z,2026-09-30T14:30:48+10:00,Essential Energy,OK,34,
2026-09-30T04:45:46Z,2026-09-30T14:45:46+10:00,Energex,OK,114,
2026-09-30T04:45:46Z,2026-09-30T14:45:46+10:00,Ergon Energy,OK,140,
2026-09-30T04:45:46Z,2026-09-30T14:45:46+10:00,Essential Energy,OK,26,
2026-09-30T05:00:57Z,2026-09-30T15:00:57+10:00,Energex,OK,114,
2026-09-30T05:00:57Z,2026-09-30T15:00:57+10:00,Ergon Energy,OK,136,
2026-09-30T05:00:57Z,2026-09-30T15:00:57+10:00,Essential Energy,OK,22,
2026-09-30T05:15:38Z,2026-09-30T15:15:38+10:00,Energex,OK,114,
2026-09-30T05:15:38Z,2026-09-30T15:15:38+10:00,Ergon Energy,OK,135,
2026-09-30T05:15:38Z,2026-09-30T15:15:38+10:00,Essential Energy,OK,13,
2026-09-30T05:30:46Z,2026-09-30T15:30:46+10:00,Energex,OK,114,
2026-09-30T05:30:46Z,2026-09-30T15:30:46+10:00,Ergon Energy,OK,133,
2026-09-30T05:30:46Z,2026-09-30T15:30:46+10:00,Essential Energy,OK,12,
2026-09-30T05:45:40Z,2026-09-30T15:45:40+10:00,Energex,OK,114,
2026-09-30T05:45:40Z,2026-09-30T15:45:40+10:00,Ergon Energy,OK,129,
2026-09-30T05:45:40Z,2026-09-30T15:45:40+10:00,Essential Energy,OK,10,
2026-09-30T06:00:55Z,2026-09-30T16:00:55+10:00,Energex,OK,114,
2026-09-30T06:00:55Z,2026-09-30T16:00:55+10:00,Ergon Energy,OK,128,
2026-09-30T06:00:55Z,2026-09-30T16:00:55+10:00,Essential Energy,OK,6,
2026-09-30T06:15:36Z,2026-09-30T16:15:36+10:00,Energex,OK,114,
2026-09-30T06:15:36Z,2026-09-30T16:15:36+10:00,Ergon Energy,OK,128,
2026-09-30T06:15:36Z,2026-09-30T16:15:36+10:00,Essential Energy,OK,6,
2026-09-30T06:30:54Z,2026-09-30T16:30:54+10:00,Energex,OK,116,
2026-09-30T06:30:54Z,2026-09-30T16:30:54+10:00,Ergon Energy,OK,128,
2026-09-30T06:30:54Z,2026-09-30T16:30:54+10:00,Essential Energy,OK,6,
2026-09-30T06:45:40Z,2026-09-30T16:45:40+10:00,Energex,OK,115,
2026-09-30T06:45:40Z,2026-09-30T16:45:40+10:00,Ergon Energy,OK,128,
2026-09-30T06:45:40Z,2026-09-30T16:45:40+10:00,Essential Energy,OK,6,
2026-09-30T07:00:57Z,2026-09-30T17:00:57+10:00,Energex,OK,115,
2026-09-30T07:00:57Z,2026-09-30T17:00:57+10:00,Ergon Energy,OK,125,
2026-09-30T07:00:57Z,2026-09-30T17:00:57+10:00,Essential Energy,OK,7,
2026-09-30T07:15:39Z,2026-09-30T17:15:39+10:00,Energex,OK,116,
2026-09-30T07:15:39Z,2026-09-30T17:15:39+10:00,Ergon Energy,OK,126,
2026-09-30T07:15:39Z,2026-09-30T17:15:39+10:00,Essential Energy,OK,6,
2026-09-30T07:30:52Z,2026-09-30T17:30:52+10:00,Energex,OK,117,
2026-09-30T07:30:52Z,2026-09-30T17:30:52+10:00,Ergon Energy,OK,126,
2026-09-30T07:30:52Z,2026-09-30T17:30:52+10:00,Essential Energy,OK,7,
2026-09-30T07:45:41Z,2026-09-30T17:45:41+10:00,Energex,OK,117,
2026-09-30T07:45:41Z,2026-09-30T17:45:41+10:00,Ergon Energy,OK,126,
2026-09-30T07:45:41Z,2026-09-30T17:45:41+10:00,Essential Energy,OK,5,
2026-09-30T08:01:00Z,2026-09-30T18:01:00+10:00,Energex,OK,116,
2026-09-30T08:01:00Z,2026-09-30T18:01:00+10:00,Ergon Energy,OK,125,
2026-09-30T08:01:00Z,2026-09-30T18:01:00+10:00,Essential Energy,OK,5,
2026-09-30T08:15:42Z,2026-09-30T18:15:42+10:00,Energex,OK,115,
2026-09-30T08:15:42Z,2026-09-30T18:15:42+10:00,Ergon Energy,OK,125,
2026-09-30T08:15:42Z,2026-09-30T18:15:42+10:00,Essential Energy,OK,4,
2026-09-30T08:30:48Z,2026-09-30T18:30:48+10:00,Energex,OK,115,
2026-09-30T08:30:48Z,2026-09-30T18:30:48+10:00,Ergon Energy,OK,124,
2026-09-30T08:30:48Z,2026-09-30T18:30:48+10:00,Essential Energy,OK,4,
2026-09-30T08:45:42Z,2026-09-30T18:45:42+10:00,Energex,OK,113,
2026-09-30T08:45:42Z,2026-09-30T18:45:42+10:00,Ergon Energy,OK,123,
2026-09-30T08:45:42Z,2026-09-30T18:45:42+10:00,Essential Energy,OK,4,
2026-09-30T09:00:53Z,2026-09-30T19:00:53+10:00,Energex,OK,113,
2026-09-30T09:00:53Z,2026-09-30T19:00:53+10:00,Ergon Energy,OK,123,
2026-09-30T09:00:53Z,2026-09-30T19:00:53+10:00,Essential Energy,OK,3,
2026-09-30T09:15:40Z,2026-09-30T19:15:40+10:00,Energex,OK,113,
2026-09-30T09:15:40Z,2026-09-30T19:15:40+10:00,Ergon Energy,OK,123,
2026-09-30T09:15:40Z,2026-09-30T19:15:40+10:00,Essential Energy,OK,3,
2026-09-30T09:30:54Z,2026-09-30T19:30:54+10:00,Energex,OK,113,
2026-09-30T09:30:54Z,2026-09-30T19:30:54+10:00,Ergon Energy,OK,124,
2026-09-30T09:30:54Z,2026-09-30T19:30:54+10:00,Essential Energy,OK,3,
2026-09-30T09:45:40Z,2026-09-30T19:45:40+10:00,Energex,OK,113,
2026-09-30T09:45:40Z,2026-09-30T19:45:40+10:00,Ergon Energy,OK,124,
2026-09-30T09:45:40Z,2026-09-30T19:45:40+10:00,Essential Energy,OK,2,
2026-09-30T10:00:53Z,2026-09-30T20:00:53+10:00,Energex,OK,113,
2026-09-30T10:00:53Z,2026-09-30T20:00:53+10:00,Ergon Energy,OK,123,
2026-09-30T10:00:53Z,2026-09-30T20:00:53+10:00,Essential Energy,OK,3,
2026-09-30T10:15:43Z,2026-09-30T20:15:43+10:00,Energex,OK,113,
2026-09-30T10:15:43Z,2026-09-30T20:15:43+10:00,Ergon Energy,OK,124,
2026-09-30T10:15:43Z,2026-09-30T20:15:43+10:00,Essential Energy,OK,1,
2026-09-30T10:30:52Z,2026-09-30T20:30:52+10:00,Energex,OK,113,
2026-09-30T10:30:52Z,2026-09-30T20:30:52+10:00,Ergon Energy,OK,124,
2026-09-30T10:30:52Z,2026-09-30T20:30:52+10:00,Essential Energy,OK,1,
2026-09-30T10:45:40Z,2026-09-30T20:45:40+10:00,Energex,OK,113,
2026-09-30T10:45:40Z,2026-09-30T20:45:40+10:00,Ergon Energy,OK,123,
2026-09-30T10:45:40Z,2026-09-30T20:45:40+10:00,Essential Energy,OK,1,
2026-09-30T11:00:55Z,2026-09-30T21:00:55+10:00,Energex,OK,113,
2026-09-30T11:00:55Z,2026-09-30T21:00:55+10:00,Ergon Energy,OK,123,
2026-09-30T11:00:55Z,2026-09-30T21:00:55+10:00,Essential Energy,OK,1,
2026-09-30T11:15:36Z,2026-09-30T21:15:36+10:00,Energex,OK,113,
2026-09-30T11:15:36Z,2026-09-30T21:15:36+10:00,Ergon Energy,OK,123,
2026-09-30T11:15:36Z,2026-09-30T21:15:36+10:00,Essential Energy,OK,0,
2026-09-30T11:30:43Z,2026-09-30T21:30:43+10:00,Energex,OK,113,
2026-09-30T11:30:43Z,2026-09-30T21:30:43+10:00,Ergon Energy,OK,123,
2026-09-30T11:30:43Z,2026-09-30T21:30:43+10:00,Essential Energy,OK,0,
2026-09-30T11:45:36Z,2026-09-30T21:45:36+10:00,Energex,OK,113,
2026-09-30T11:45:36Z,2026-09-30T21:45:36+10:00,Ergon Energy,OK,122,
2026-09-30T11:45:36Z,2026-09-30T21:45:36+10:00,Essential Energy,OK,1,
2026-09-30T12:00:58Z,2026-09-30T22:00:58+10:00,Energex,OK,113,
2026-09-30T12:00:58Z,2026-09-30T22:00:58+10:00,Ergon Energy,OK,122,
2026-09-30T12:00:58Z,2026-09-30T22:00:58+10:00,Essential Energy,OK,1,
2026-09-30T12:15:44Z,2026-09-30T22:15:44+10:00,Energex,OK,113,
2026-09-30T12:15:44Z,2026-09-30T22:15:44+10:00,Ergon Energy,OK,122,
2026-09-30T12:15:44Z,2026-09-30T22:15:44+10:00,Essential Energy,OK,2,
2026-09-30T12:30:48Z,2026-09-30T22:30:48+10:00,Energex,OK,113,
2026-09-30T12:30:48Z,2026-09-30T22:30:48+10:00,Ergon Energy,OK,122,
2026-09-30T12:30:48Z,2026-09-30T22:30:48+10:00,Essential Energy,OK,2,
2026-09-30T12:45:40Z,2026-09-30T22:45:40+10:00,Energex,OK,114,
2026-09-30T12:45:40Z,2026-09-30T22:45:40+10:00,Ergon Energy,OK,122,
2026-09-30T12:45:40Z,2026-09-30T22:45:40+10:00,Essential Energy,OK,2,
2026-09-30T13:00:51Z,2026-09-30T23:00:51+10:00,Energex,OK,114,
2026-09-30T13:00:51Z,2026-09-30T23:00:51+10:00,Ergon Energy,OK,122,
2026-09-30T13:00:51Z,2026-09-30T23:00:51+10:00,Essential Energy,OK,3,
2026-09-30T13:15:41Z,2026-09-30T23:15:41+10:00,Energex,OK,114,
2026-09-30T13:15:41Z,2026-09-30T23:15:41+10:00,Ergon Energy,OK,122,
2026-09-30T13:15:41Z,2026-09-30T23:15:41+10:00,Essential Energy,OK,3,
2026-09-30T13:30:54Z,2026-09-30T23:30:54+10:00,Energex,OK,114,
2026-09-30T13:30:54Z,2026-09-30T23:30:54+10:00,Ergon Energy,OK,122,
2026-09-30T13:30:54Z,2026-09-30T23:30:54+10:00,Essential Energy,OK,2,
2026-09-30T13:45:43Z,2026-09-30T23:45:43+10:00,Energex,OK,114,
2026-09-30T13:45:43Z,2026-09-30T23:45:43+10:00,Ergon Energy,OK,122,
2026-09-30T13:45:43Z,2026-09-30T23:45:43+10:00,Essential Energy,OK,2,
2026-09-30T14:01:05Z,2026-10-01T00:01:05+10:00,Energex,OK,73,
2026-09-30T14:01:05Z,2026-10-01T00:01:05+10:00,Ergon Energy,OK,122,
2026-09-30T14:01:05Z,2026-10-01T00:01:05+10:00,Essential Energy,OK,2,
2026-09-30T14:15:45Z,2026-10-01T00:15:45+10:00,Energex,OK,73,
2026-09-30T14:15:45Z,2026-10-01T00:15:45+10:00,Ergon Energy,OK,122,
2026-09-30T14:15:45Z,2026-10-01T00:15:45+10:00,Essential Energy,OK,1,
2026-09-30T14:30:55Z,2026-10-01T00:30:55+10:00,Energex,OK,72,
2026-09-30T14:30:55Z,2026-10-01T00:30:55+10:00,Ergon Energy,OK,123,
2026-09-30T14:30:55Z,2026-10-01T00:30:55+10:00,Essential Energy,OK,1,
2026-09-30T14:45:40Z,2026-10-01T00:45:40+10:00,Energex,OK,72,
2026-09-30T14:45:40Z,2026-10-01T00:45:40+10:00,Ergon Energy,OK,123,
2026-09-30T14:45:40Z,2026-10-01T00:45:40+10:00,Essential Energy,OK,1,
2026-09-30T15:01:01Z,2026-10-01T01:01:01+10:00,Energex,OK,72,
2026-09-30T15:01:01Z,2026-10-01T01:01:01+10:00,Ergon Energy,OK,123,
2026-09-30T15:01:01Z,2026-10-01T01:01:01+10:00,Essential Energy,OK,1,
2026-09-30T15:15:44Z,2026-10-01T01:15:44+10:00,Energex,OK,72,
2026-09-30T15:15:44Z,2026-10-01T01:15:44+10:00,Ergon Energy,OK,123,
2026-09-30T15:15:44Z,2026-10-01T01:15:44+10:00,Essential Energy,OK,1,
2026-09-30T15:30:55Z,2026-10-01T01:30:55+10:00,Energex,OK,73,
2026-09-30T15:30:55Z,2026-10-01T01:30:55+10:00,Ergon Energy,OK,122,
2026-09-30T15:30:55Z,2026-10-01T01:30:55+10:00,Essential Energy,OK,1,
2026-09-30T15:45:37Z,2026-10-01T01:45:37+10:00,Energex,OK,74,
2026-09-30T15:45:37Z,2026-10-01T01:45:37+10:00,Ergon Energy,OK,122,
2026-09-30T15:45:37Z,2026-10-01T01:45:37+10:00,Essential Energy,OK,1,
2026-09-30T16:01:02Z,2026-10-01T02:01:02+10:00,Energex,OK,74,
2026-09-30T16:01:02Z,2026-10-01T02:01:02+10:00,Ergon Energy,OK,122,
2026-09-30T16:01:02Z,2026-10-01T02:01:02+10:00,Essential Energy,OK,1,
2026-09-30T16:15:51Z,2026-10-01T02:15:51+10:00,Energex,OK,74,
2026-09-30T16:15:51Z,2026-10-01T02:15:51+10:00,Ergon Energy,OK,122,
2026-09-30T16:15:51Z,2026-10-01T02:15:51+10:00,Essential Energy,OK,1,
2026-09-30T16:30:46Z,2026-10-01T02:30:46+10:00,Energex,OK,75,
2026-09-30T16:30:46Z,2026-10-01T02:30:46+10:00,Ergon Energy,OK,122,
2026-09-30T16:30:46Z,2026-10-01T02:30:46+10:00,Essential Energy,OK,1,
2026-09-30T16:45:45Z,2026-10-01T02:45:45+10:00,Energex,OK,75,
2026-09-30T16:45:45Z,2026-10-01T02:45:45+10:00,Ergon Energy,OK,122,
2026-09-30T16:45:45Z,2026-10-01T02:45:45+10:00,Essential Energy,OK,1,
2026-09-30T17:01:02Z,2026-10-01T03:01:02+10:00,Energex,OK,74,
2026-09-30T17:01:02Z,2026-10-01T03:01:02+10:00,Ergon Energy,OK,122,
2026-09-30T17:01:02Z,2026-10-01T03:01:02+10:00,Essential Energy,OK,0,
2026-09-30T17:15:44Z,2026-10-01T03:15:44+10:00,Energex,OK,74,
2026-09-30T17:15:44Z,2026-10-01T03:15:44+10:00,Ergon Energy,OK,122,
2026-09-30T17:15:44Z,2026-10-01T03:15:44+10:00,Essential Energy,OK,0,
2026-09-30T17:30:51Z,2026-10-01T03:30:51+10:00,Energex,OK,73,
2026-09-30T17:30:51Z,2026-10-01T03:30:51+10:00,Ergon Energy,OK,122,
2026-09-30T17:30:51Z,2026-10-01T03:30:51+10:00,Essential Energy,OK,0,
2026-09-30T17:45:47Z,2026-10-01T03:45:47+10:00,Energex,OK,73,
2026-09-30T17:45:47Z,2026-10-01T03:45:47+10:00,Ergon Energy,OK,122,
2026-09-30T17:45:47Z,2026-10-01T03:45:47+10:00,Essential Energy,OK,0,
2026-09-30T18:01:01Z,2026-10-01T04:01:01+10:00,Energex,OK,73,
2026-09-30T18:01:01Z,2026-10-01T04:01:01+10:00,Ergon Energy,OK,122,
2026-09-30T18:01:01Z,2026-10-01T04:01:01+10:00,Essential Energy,OK,1,
2026-09-30T18:15:40Z,2026-10-01T04:15:40+10:00,Energex,OK,73,
2026-09-30T18:15:40Z,2026-10-01T04:15:40+10:00,Ergon Energy,OK,122,
2026-09-30T18:15:40Z,2026-10-01T04:15:40+10:00,Essential Energy,OK,1,
2026-09-30T18:30:44Z,2026-10-01T04:30:44+10:00,Energex,OK,72,
2026-09-30T18:30:44Z,2026-10-01T04:30:44+10:00,Ergon Energy,OK,122,
2026-09-30T18:30:44Z,2026-10-01T04:30:44+10:00,Essential Energy,OK,1,
2026-09-30T18:45:44Z,2026-10-01T04:45:44+10:00,Energex,OK,72,
2026-09-30T18:45:44Z,2026-10-01T04:45:44+10:00,Ergon Energy,OK,122,
2026-09-30T18:45:44Z,2026-10-01T04:45:44+10:00,Essential Energy,OK,1,
2026-09-30T19:01:02Z,2026-10-01T05:01:02+10:00,Energex,OK,72,
2026-09-30T19:01:02Z,2026-10-01T05:01:02+10:00,Ergon Energy,OK,122,
2026-09-30T19:01:02Z,2026-10-01T05:01:02+10:00,Essential Energy,OK,1,
2026-09-30T19:15:45Z,2026-10-01T05:15:45+10:00,Energex,OK,72,
2026-09-30T19:15:45Z,2026-10-01T05:15:45+10:00,Ergon Energy,OK,122,
2026-09-30T19:15:45Z,2026-10-01T05:15:45+10:00,Essential Energy,OK,1,
2026-09-30T19:30:50Z,2026-10-01T05:30:50+10:00,Energex,OK,72,
2026-09-30T19:30:50Z,2026-10-01T05:30:50+10:00,Ergon Energy,OK,123,
2026-09-30T19:30:50Z,2026-10-01T05:30:50+10:00,Essential Energy,OK,1,
2026-09-30T19:45:40Z,2026-10-01T05:45:40+10:00,Energex,OK,72,
2026-09-30T19:45:40Z,2026-10-01T05:45:40+10:00,Ergon Energy,OK,123,
2026-09-30T19:45:40Z,2026-10-01T05:45:40+10:00,Essential Energy,OK,1,
2026-09-30T20:00:55Z,2026-10-01T06:00:55+10:00,Energex,OK,72,
2026-09-30T20:00:55Z,2026-10-01T06:00:55+10:00,Ergon Energy,OK,124,
2026-09-30T20:00:55Z,2026-10-01T06:00:55+10:00,Essential Energy,OK,1,
2026-09-30T20:15:44Z,2026-10-01T06:15:44+10:00,Energex,OK,72,
2026-09-30T20:15:44Z,2026-10-01T06:15:44+10:00,Ergon Energy,OK,124,
2026-09-30T20:15:44Z,2026-10-01T06:15:44+10:00,Essential Energy,OK,1,
2026-09-30T20:30:49Z,2026-10-01T06:30:49+10:00,Energex,OK,72,
2026-09-30T20:30:49Z,2026-10-01T06:30:49+10:00,Ergon Energy,OK,126,
2026-09-30T20:30:49Z,2026-10-01T06:30:49+10:00,Essential Energy,OK,1,
2026-09-30T20:45:44Z,2026-10-01T06:45:44+10:00,Energex,OK,72,
2026-09-30T20:45:44Z,2026-10-01T06:45:44+10:00,Ergon Energy,OK,126,
2026-09-30T20:45:44Z,2026-10-01T06:45:44+10:00,Essential Energy,OK,1,
2026-09-30T21:01:01Z,2026-10-01T07:01:01+10:00,Energex,OK,72,
2026-09-30T21:01:01Z,2026-10-01T07:01:01+10:00,Ergon Energy,OK,125,
2026-09-30T21:01:01Z,2026-10-01T07:01:01+10:00,Essential Energy,OK,1,
2026-09-30T21:16:14Z,2026-10-01T07:16:14+10:00,Energex,OK,72,
2026-09-30T21:16:14Z,2026-10-01T07:16:14+10:00,Ergon Energy,OK,126,
2026-09-30T21:16:14Z,2026-10-01T07:16:14+10:00,Essential Energy,OK,0,
2026-09-30T21:30:54Z,2026-10-01T07:30:54+10:00,Energex,OK,75,
2026-09-30T21:30:54Z,2026-10-01T07:30:54+10:00,Ergon Energy,OK,125,
2026-09-30T21:30:54Z,2026-10-01T07:30:54+10:00,Essential Energy,OK,0,
2026-09-30T21:45:42Z,2026-10-01T07:45:42+10:00,Energex,OK,76,
2026-09-30T21:45:42Z,2026-10-01T07:45:42+10:00,Ergon Energy,OK,123,
2026-09-30T21:45:42Z,2026-10-01T07:45:42+10:00,Essential Energy,OK,0,
2026-09-30T22:00:49Z,2026-10-01T08:00:49+10:00,Energex,OK,88,
2026-09-30T22:00:49Z,2026-10-01T08:00:49+10:00,Ergon Energy,OK,123,
2026-09-30T22:00:49Z,2026-10-01T08:00:49+10:00,Essential Energy,OK,0,
2026-09-30T22:15:39Z,2026-10-01T08:15:39+10:00,Energex,OK,88,
2026-09-30T22:15:39Z,2026-10-01T08:15:39+10:00,Ergon Energy,OK,113,
2026-09-30T22:15:39Z,2026-10-01T08:15:39+10:00,Essential Energy,OK,4,
2026-09-30T22:30:56Z,2026-10-01T08:30:56+10:00,Energex,OK,90,
2026-09-30T22:30:56Z,2026-10-01T08:30:56+10:00,Ergon Energy,OK,113,
2026-09-30T22:30:56Z,2026-10-01T08:30:56+10:00,Essential Energy,OK,5,
2026-09-30T22:45:45Z,2026-10-01T08:45:45+10:00,Energex,OK,90,
2026-09-30T22:45:45Z,2026-10-01T08:45:45+10:00,Ergon Energy,OK,117,
2026-09-30T22:45:45Z,2026-10-01T08:45:45+10:00,Essential Energy,OK,23,
2026-09-30T23:00:55Z,2026-10-01T09:00:55+10:00,Energex,OK,91,
2026-09-30T23:00:55Z,2026-10-01T09:00:55+10:00,Ergon Energy,OK,118,
2026-09-30T23:00:55Z,2026-10-01T09:00:55+10:00,Essential Energy,OK,24,
2026-09-30T23:15:39Z,2026-10-01T09:15:39+10:00,Energex,OK,91,
2026-09-30T23:15:39Z,2026-10-01T09:15:39+10:00,Ergon Energy,OK,117,
2026-09-30T23:15:39Z,2026-10-01T09:15:39+10:00,Essential Energy,OK,66,
2026-09-30T23:30:52Z,2026-10-01T09:30:52+10:00,Energex,OK,90,
2026-09-30T23:30:52Z,2026-10-01T09:30:52+10:00,Ergon Energy,OK,120,
2026-09-30T23:30:52Z,2026-10-01T09:30:52+10:00,Essential Energy,OK,68,
2026-09-30T23:45:39Z,2026-10-01T09:45:39+10:00,Energex,OK,90,
2026-09-30T23:45:39Z,2026-10-01T09:45:39+10:00,Ergon Energy,OK,121,
2026-09-30T23:45:39Z,2026-10-01T09:45:39+10:00,Essential Energy,OK,75,
2026-10-01T00:00:59Z,2026-10-01T10:00:59+10:00,Energex,OK,90,
2026-10-01T00:00:59Z,2026-10-01T10:00:59+10:00,Ergon Energy,OK,124,
2026-10-01T00:00:59Z,2026-10-01T10:00:59+10:00,Essential Energy,OK,75,
2026-10-01T00:15:40Z,2026-10-01T10:15:40+10:00,Energex,OK,90,
2026-10-01T00:15:40Z,2026-10-01T10:15:40+10:00,Ergon Energy,OK,122,
2026-10-01T00:15:40Z,2026-10-01T10:15:40+10:00,Essential Energy,OK,77,
2026-10-01T00:30:52Z,2026-10-01T10:30:52+10:00,Energex,OK,90,
2026-10-01T00:30:52Z,2026-10-01T10:30:52+10:00,Ergon Energy,OK,120,
2026-10-01T00:30:52Z,2026-10-01T10:30:52+10:00,Essential Energy,OK,75,
2026-10-01T00:45:38Z,2026-10-01T10:45:38+10:00,Energex,OK,90,
2026-10-01T00:45:38Z,2026-10-01T10:45:38+10:00,Ergon Energy,OK,120,
2026-10-01T00:45:38Z,2026-10-01T10:45:38+10:00,Essential Energy,OK,75,
2026-10-01T01:00:57Z,2026-10-01T11:00:57+10:00,Energex,OK,90,
2026-10-01T01:00:57Z,2026-10-01T11:00:57+10:00,Ergon Energy,OK,118,
2026-10-01T01:00:57Z,2026-10-01T11:00:57+10:00,Essential Energy,OK,72,
2026-10-01T01:15:37Z,2026-10-01T11:15:37+10:00,Energex,OK,90,
2026-10-01T01:15:37Z,2026-10-01T11:15:37+10:00,Ergon Energy,OK,117,
2026-10-01T01:15:37Z,2026-10-01T11:15:37+10:00,Essential Energy,OK,74,
2026-10-01T01:30:46Z,2026-10-01T11:30:46+10:00,Energex,OK,90,
2026-10-01T01:30:46Z,2026-10-01T11:30:46+10:00,Ergon Energy,OK,115,
2026-10-01T01:30:46Z,2026-10-01T11:30:46+10:00,Essential Energy,OK,70,
2026-10-01T01:45:42Z,2026-10-01T11:45:42+10:00,Energex,OK,90,
2026-10-01T01:45:42Z,2026-10-01T11:45:42+10:00,Ergon Energy,OK,111,
2026-10-01T01:45:42Z,2026-10-01T11:45:42+10:00,Essential Energy,OK,67,
2026-10-01T02:00:51Z,2026-10-01T12:00:51+10:00,Energex,OK,89,
2026-10-01T02:00:51Z,2026-10-01T12:00:51+10:00,Ergon Energy,OK,109,
2026-10-01T02:00:51Z,2026-10-01T12:00:51+10:00,Essential Energy,OK,64,
2026-10-01T02:15:41Z,2026-10-01T12:15:41+10:00,Energex,OK,89,
2026-10-01T02:15:41Z,2026-10-01T12:15:41+10:00,Ergon Energy,OK,107,
2026-10-01T02:15:41Z,2026-10-01T12:15:41+10:00,Essential Energy,OK,59,
2026-10-01T02:30:47Z,2026-10-01T12:30:47+10:00,Energex,OK,89,
2026-10-01T02:30:47Z,2026-10-01T12:30:47+10:00,Ergon Energy,OK,107,
2026-10-01T02:30:47Z,2026-10-01T12:30:47+10:00,Essential Energy,OK,58,
2026-10-01T02:45:32Z,2026-10-01T12:45:32+10:00,Energex,OK,88,
2026-10-01T02:45:32Z,2026-10-01T12:45:32+10:00,Ergon Energy,OK,104,
2026-10-01T02:45:32Z,2026-10-01T12:45:32+10:00,Essential Energy,OK,56,
2026-10-01T03:00:57Z,2026-10-01T13:00:57+10:00,Energex,OK,88,
2026-10-01T03:00:57Z,2026-10-01T13:00:57+10:00,Ergon Energy,OK,103,
2026-10-01T03:00:57Z,2026-10-01T13:00:57+10:00,Essential Energy,OK,51,
2026-10-01T03:15:48Z,2026-10-01T13:15:48+10:00,Energex,OK,88,
2026-10-01T03:15:48Z,2026-10-01T13:15:48+10:00,Ergon Energy,OK,103,
2026-10-01T03:15:48Z,2026-10-01T13:15:48+10:00,Essential Energy,OK,47,
2026-10-01T03:30:48Z,2026-10-01T13:30:48+10:00,Energex,OK,88,
2026-10-01T03:30:48Z,2026-10-01T13:30:48+10:00,Ergon Energy,OK,103,
2026-10-01T03:30:48Z,2026-10-01T13:30:48+10:00,Essential Energy,OK,43,
2026-10-01T03:45:33Z,2026-10-01T13:45:33+10:00,Energex,OK,88,
2026-10-01T03:45:33Z,2026-10-01T13:45:33+10:00,Ergon Energy,OK,101,
2026-10-01T03:45:33Z,2026-10-01T13:45:33+10:00,Essential Energy,OK,39,
2026-10-01T04:00:55Z,2026-10-01T14:00:55+10:00,Energex,OK,88,
2026-10-01T04:00:55Z,2026-10-01T14:00:55+10:00,Ergon Energy,OK,97,
2026-10-01T04:00:55Z,2026-10-01T14:00:55+10:00,Essential Energy,OK,37,
2026-10-01T04:15:41Z,2026-10-01T14:15:41+10:00,Energex,OK,88,
2026-10-01T04:15:41Z,2026-10-01T14:15:41+10:00,Ergon Energy,OK,94,
2026-10-01T04:15:41Z,2026-10-01T14:15:41+10:00,Essential Energy,OK,32,
2026-10-01T04:30:46Z,2026-10-01T14:30:46+10:00,Energex,OK,88,
2026-10-01T04:30:46Z,2026-10-01T14:30:46+10:00,Ergon Energy,OK,90,
2026-10-01T04:30:46Z,2026-10-01T14:30:46+10:00,Essential Energy,OK,25,
2026-10-01T04:45:35Z,2026-10-01T14:45:35+10:00,Energex,OK,88,
2026-10-01T04:45:35Z,2026-10-01T14:45:35+10:00,Ergon Energy,OK,90,
2026-10-01T04:45:35Z,2026-10-01T14:45:35+10:00,Essential Energy,OK,22,
2026-10-01T05:00:47Z,2026-10-01T15:00:47+10:00,Energex,OK,88,
2026-10-01T05:00:47Z,2026-10-01T15:00:47+10:00,Ergon Energy,OK,87,
2026-10-01T05:00:47Z,2026-10-01T15:00:47+10:00,Essential Energy,OK,18,
2026-10-01T05:15:39Z,2026-10-01T15:15:39+10:00,Energex,OK,88,
2026-10-01T05:15:39Z,2026-10-01T15:15:39+10:00,Ergon Energy,OK,85,
2026-10-01T05:15:39Z,2026-10-01T15:15:39+10:00,Essential Energy,OK,12,
2026-10-01T05:31:21Z,2026-10-01T15:31:21+10:00,Energex,OK,89,
2026-10-01T05:31:21Z,2026-10-01T15:31:21+10:00,Ergon Energy,OK,79,
2026-10-01T05:31:21Z,2026-10-01T15:31:21+10:00,Essential Energy,OK,10,
2026-10-01T05:45:53Z,2026-10-01T15:45:53+10:00,Energex,OK,89,
2026-10-01T05:45:53Z,2026-10-01T15:45:53+10:00,Ergon Energy,OK,78,
2026-10-01T05:45:53Z,2026-10-01T15:45:53+10:00,Essential Energy,OK,6,
2026-10-01T06:00:47Z,2026-10-01T16:00:47+10:00,Energex,OK,89,
2026-10-01T06:00:47Z,2026-10-01T16:00:47+10:00,Ergon Energy,OK,77,
2026-10-01T06:00:47Z,2026-10-01T16:00:47+10:00,Essential Energy,OK,7,
2026-10-01T06:15:46Z,2026-10-01T16:15:46+10:00,Energex,OK,89,
2026-10-01T06:15:46Z,2026-10-01T16:15:46+10:00,Ergon Energy,OK,77,
2026-10-01T06:15:46Z,2026-10-01T16:15:46+10:00,Essential Energy,OK,4,
2026-10-01T06:30:49Z,2026-10-01T16:30:49+10:00,Energex,OK,89,
2026-10-01T06:30:49Z,2026-10-01T16:30:49+10:00,Ergon Energy,OK,75,
2026-10-01T06:30:49Z,2026-10-01T16:30:49+10:00,Essential Energy,OK,4,
2026-10-01T06:45:41Z,2026-10-01T16:45:41+10:00,Energex,OK,89,
2026-10-01T06:45:41Z,2026-10-01T16:45:41+10:00,Ergon Energy,OK,75,
2026-10-01T06:45:41Z,2026-10-01T16:45:41+10:00,Essential Energy,OK,3,
2026-10-01T07:00:54Z,2026-10-01T17:00:54+10:00,Energex,OK,88,
2026-10-01T07:00:54Z,2026-10-01T17:00:54+10:00,Ergon Energy,OK,75,
2026-10-01T07:00:54Z,2026-10-01T17:00:54+10:00,Essential Energy,OK,2,
2026-10-01T07:15:38Z,2026-10-01T17:15:38+10:00,Energex,OK,88,
2026-10-01T07:15:38Z,2026-10-01T17:15:38+10:00,Ergon Energy,OK,75,
2026-10-01T07:15:38Z,2026-10-01T17:15:38+10:00,Essential Energy,OK,2,
2026-10-01T07:30:46Z,2026-10-01T17:30:46+10:00,Energex,OK,87,
2026-10-01T07:30:46Z,2026-10-01T17:30:46+10:00,Ergon Energy,OK,75,
2026-10-01T07:30:46Z,2026-10-01T17:30:46+10:00,Essential Energy,OK,2,
2026-10-01T07:45:44Z,2026-10-01T17:45:44+10:00,Energex,OK,87,
2026-10-01T07:45:44Z,2026-10-01T17:45:44+10:00,Ergon Energy,OK,75,
2026-10-01T07:45:44Z,2026-10-01T17:45:44+10:00,Essential Energy,OK,2,
2026-10-01T08:00:56Z,2026-10-01T18:00:56+10:00,Energex,OK,87,
2026-10-01T08:00:56Z,2026-10-01T18:00:56+10:00,Ergon Energy,OK,74,
2026-10-01T08:00:56Z,2026-10-01T18:00:56+10:00,Essential Energy,OK,2,
2026-10-01T08:15:42Z,2026-10-01T18:15:42+10:00,Energex,OK,87,
2026-10-01T08:15:42Z,2026-10-01T18:15:42+10:00,Ergon Energy,OK,74,
2026-10-01T08:15:42Z,2026-10-01T18:15:42+10:00,Essential Energy,OK,3,
2026-10-01T08:30:47Z,2026-10-01T18:30:47+10:00,Energex,OK,87,
2026-10-01T08:30:47Z,2026-10-01T18:30:47+10:00,Ergon Energy,OK,72,
2026-10-01T08:30:47Z,2026-10-01T18:30:47+10:00,Essential Energy,OK,2,
2026-10-01T08:45:42Z,2026-10-01T18:45:42+10:00,Energex,OK,87,
2026-10-01T08:45:42Z,2026-10-01T18:45:42+10:00,Ergon Energy,OK,72,
2026-10-01T08:45:42Z,2026-10-01T18:45:42+10:00,Essential Energy,OK,0,
2026-10-01T09:00:59Z,2026-10-01T19:00:59+10:00,Energex,OK,87,
2026-10-01T09:00:59Z,2026-10-01T19:00:59+10:00,Ergon Energy,OK,72,
2026-10-01T09:00:59Z,2026-10-01T19:00:59+10:00,Essential Energy,OK,0,
2026-10-01T09:15:42Z,2026-10-01T19:15:42+10:00,Energex,OK,87,
2026-10-01T09:15:42Z,2026-10-01T19:15:42+10:00,Ergon Energy,OK,72,
2026-10-01T09:15:42Z,2026-10-01T19:15:42+10:00,Essential Energy,OK,2,
2026-10-01T09:30:53Z,2026-10-01T19:30:53+10:00,Energex,OK,87,
2026-10-01T09:30:53Z,2026-10-01T19:30:53+10:00,Ergon Energy,OK,72,
2026-10-01T09:30:53Z,2026-10-01T19:30:53+10:00,Essential Energy,OK,2,
2026-10-01T09:45:38Z,2026-10-01T19:45:38+10:00,Energex,OK,87,
2026-10-01T09:45:38Z,2026-10-01T19:45:38+10:00,Ergon Energy,OK,72,
2026-10-01T09:45:38Z,2026-10-01T19:45:38+10:00,Essential Energy,OK,2,
2026-10-01T10:00:59Z,2026-10-01T20:00:59+10:00,Energex,OK,88,
2026-10-01T10:00:59Z,2026-10-01T20:00:59+10:00,Ergon Energy,OK,72,
2026-10-01T10:00:59Z,2026-10-01T20:00:59+10:00,Essential Energy,OK,2,
2026-10-01T10:15:42Z,2026-10-01T20:15:42+10:00,Energex,OK,89,
2026-10-01T10:15:42Z,2026-10-01T20:15:42+10:00,Ergon Energy,OK,72,
2026-10-01T10:15:42Z,2026-10-01T20:15:42+10:00,Essential Energy,OK,2,
2026-10-01T10:30:47Z,2026-10-01T20:30:47+10:00,Energex,OK,89,
2026-10-01T10:30:47Z,2026-10-01T20:30:47+10:00,Ergon Energy,OK,72,
2026-10-01T10:30:47Z,2026-10-01T20:30:47+10:00,Essential Energy,OK,2,
2026-10-01T10:45:40Z,2026-10-01T20:45:40+10:00,Energex,OK,88,
2026-10-01T10:45:40Z,2026-10-01T20:45:40+10:00,Ergon Energy,OK,72,
2026-10-01T10:45:40Z,2026-10-01T20:45:40+10:00,Essential Energy,OK,2,
2026-10-01T11:01:02Z,2026-10-01T21:01:02+10:00,Energex,OK,89,
2026-10-01T11:01:02Z,2026-10-01T21:01:02+10:00,Ergon Energy,OK,72,
2026-10-01T11:01:02Z,2026-10-01T21:01:02+10:00,Essential Energy,OK,2,
2026-10-01T11:15:45Z,2026-10-01T21:15:45+10:00,Energex,OK,89,
2026-10-01T11:15:45Z,2026-10-01T21:15:45+10:00,Ergon Energy,OK,72,
2026-10-01T11:15:45Z,2026-10-01T21:15:45+10:00,Essential Energy,OK,3,
2026-10-01T11:30:50Z,2026-10-01T21:30:50+10:00,Energex,OK,90,
2026-10-01T11:30:50Z,2026-10-01T21:30:50+10:00,Ergon Energy,OK,72,
2026-10-01T11:30:50Z,2026-10-01T21:30:50+10:00,Essential Energy,OK,3,
2026-10-01T11:45:42Z,2026-10-01T21:45:42+10:00,Energex,OK,90,
2026-10-01T11:45:42Z,2026-10-01T21:45:42+10:00,Ergon Energy,OK,72,
2026-10-01T11:45:42Z,2026-10-01T21:45:42+10:00,Essential Energy,OK,3,
2026-10-01T12:01:07Z,2026-10-01T22:01:07+10:00,Energex,OK,90,
2026-10-01T12:01:07Z,2026-10-01T22:01:07+10:00,Ergon Energy,OK,72,
2026-10-01T12:01:07Z,2026-10-01T22:01:07+10:00,Essential Energy,OK,2,
2026-10-01T12:15:39Z,2026-10-01T22:15:39+10:00,Energex,OK,90,
2026-10-01T12:15:39Z,2026-10-01T22:15:39+10:00,Ergon Energy,OK,72,
2026-10-01T12:15:39Z,2026-10-01T22:15:39+10:00,Essential Energy,OK,1,
2026-10-01T12:30:50Z,2026-10-01T22:30:50+10:00,Energex,OK,90,
2026-10-01T12:30:50Z,2026-10-01T22:30:50+10:00,Ergon Energy,OK,72,
2026-10-01T12:30:50Z,2026-10-01T22:30:50+10:00,Essential Energy,FAIL,0,HTTPError: 404 Client Error: Not Found for url: https://www.essentialenergy.com.au/Assets/kmz/current.kml?dFdLgoAP
2026-10-01T12:45:39Z,2026-10-01T22:45:39+10:00,Energex,OK,90,
2026-10-01T12:45:39Z,2026-10-01T22:45:39+10:00,Ergon Energy,OK,72,
2026-10-01T12:45:39Z,2026-10-01T22:45:39+10:00,Essential Energy,OK,1,
2026-10-01T13:01:02Z,2026-10-01T23:01:02+10:00,Energex,OK,90,
2026-10-01T13:01:02Z,2026-10-01T23:01:02+10:00,Ergon Energy,OK,72,
2026-10-01T13:01:02Z,2026-10-01T23:01:02+10:00,Essential Energy,OK,1,
2026-10-01T13:15:48Z,2026-10-01T23:15:48+10:00,Energex,OK,90,
2026-10-01T13:15:48Z,2026-10-01T23:15:48+10:00,Ergon Energy,OK,72,
2026-10-01T13:15:48Z,2026-10-01T23:15:48+10:00,Essential Energy,OK,1,
2026-10-01T13:30:42Z,2026-10-01T23:30:42+10:00,Energex,OK,90,
2026-10-01T13:30:42Z,2026-10-01T23:30:42+10:00,Ergon Energy,OK,73,
2026-10-01T13:30:42Z,2026-10-01T23:30:42+10:00,Essential Energy,OK,2,
2026-10-01T13:45:41Z,2026-10-01T23:45:41+10:00,Energex,OK,90,
2026-10-01T13:45:41Z,2026-10-01T23:45:41+10:00,Ergon Energy,OK,73,
2026-10-01T13:45:41Z,2026-10-01T23:45:41+10:00,Essential Energy,OK,2,
2026-10-01T14:01:00Z,2026-10-02T00:01:00+10:00,Energex,OK,57,
2026-10-01T14:01:00Z,2026-10-02T00:01:00+10:00,Ergon Energy,OK,73,
2026-10-01T14:01:00Z,2026-10-02T00:01:00+10:00,Essential Energy,OK,2,
2026-10-01T14:15:49Z,2026-10-02T00:15:49+10:00,Energex,OK,57,
2026-10-01T14:15:49Z,2026-10-02T00:15:49+10:00,Ergon Energy,OK,73,
2026-10-01T14:15:49Z,2026-10-02T00:15:49+10:00,Essential Energy,OK,3,
2026-10-01T14:30:55Z,2026-10-02T00:30:55+10:00,Energex,OK,56,
2026-10-01T14:30:55Z,2026-10-02T00:30:55+10:00,Ergon Energy,OK,73,
2026-10-01T14:30:55Z,2026-10-02T00:30:55+10:00,Essential Energy,OK,2,
2026-10-01T14:45:45Z,2026-10-02T00:45:45+10:00,Energex,OK,56,
2026-10-01T14:45:45Z,2026-10-02T00:45:45+10:00,Ergon Energy,OK,73,
2026-10-01T14:45:45Z,2026-10-02T00:45:45+10:00,Essential Energy,OK,2,
2026-10-01T15:01:00Z,2026-10-02T01:01:00+10:00,Energex,OK,56,
2026-10-01T15:01:00Z,2026-10-02T01:01:00+10:00,Ergon Energy,OK,73,
2026-10-01T15:01:00Z,2026-10-02T01:01:00+10:00,Essential Energy,OK,2,
2026-10-01T15:30:56Z,2026-10-02T01:30:56+10:00,Energex,OK,56,
2026-10-01T15:30:56Z,2026-10-02T01:30:56+10:00,Ergon Energy,OK,74,
2026-10-01T15:30:56Z,2026-10-02T01:30:56+10:00,Essential Energy,OK,4,
2026-10-01T15:45:50Z,2026-10-02T01:45:50+10:00,Energex,OK,56,
2026-10-01T15:45:50Z,2026-10-02T01:45:50+10:00,Ergon Energy,OK,74,
2026-10-01T15:45:50Z,2026-10-02T01:45:50+10:00,Essential Energy,OK,3,
2026-10-01T16:01:01Z,2026-10-02T02:01:01+10:00,Energex,OK,57,
2026-10-01T16:01:01Z,2026-10-02T02:01:01+10:00,Ergon Energy,OK,74,
2026-10-01T16:01:01Z,2026-10-02T02:01:01+10:00,Essential Energy,OK,2,
2026-10-01T16:15:39Z,2026-10-02T02:15:39+10:00,Energex,OK,57,
2026-10-01T16:15:39Z,2026-10-02T02:15:39+10:00,Ergon Energy,OK,74,
2026-10-01T16:15:39Z,2026-10-02T02:15:39+10:00,Essential Energy,OK,2,
2026-10-01T16:30:54Z,2026-10-02T02:30:54+10:00,Energex,OK,57,
2026-10-01T16:30:54Z,2026-10-02T02:30:54+10:00,Ergon Energy,OK,74,
2026-10-01T16:30:54Z,2026-10-02T02:30:54+10:00,Essential Energy,OK,3,
2026-10-01T16:45:47Z,2026-10-02T02:45:47+10:00,Energex,OK,57,
2026-10-01T16:45:47Z,2026-10-02T02:45:47+10:00,Ergon Energy,OK,74,
2026-10-01T16:45:47Z,2026-10-02T02:45:47+10:00,Essential Energy,OK,3,
2026-10-01T17:01:01Z,2026-10-02T03:01:01+10:00,Energex,OK,57,
2026-10-01T17:01:01Z,2026-10-02T03:01:01+10:00,Ergon Energy,OK,74,
2026-10-01T17:01:01Z,2026-10-02T03:01:01+10:00,Essential Energy,OK,3,
2026-10-01T17:15:41Z,2026-10-02T03:15:41+10:00,Energex,OK,57,
2026-10-01T17:15:41Z,2026-10-02T03:15:41+10:00,Ergon Energy,OK,74,
2026-10-01T17:15:41Z,2026-10-02T03:15:41+10:00,Essential Energy,OK,3,
2026-10-01T17:30:53Z,2026-10-02T03:30:53+10:00,Energex,OK,57,
2026-10-01T17:30:53Z,2026-10-02T03:30:53+10:00,Ergon Energy,OK,74,
2026-10-01T17:30:53Z,2026-10-02T03:30:53+10:00,Essential Energy,OK,3,
2026-10-01T17:45:44Z,2026-10-02T03:45:44+10:00,Energex,OK,57,
2026-10-01T17:45:44Z,2026-10-02T03:45:44+10:00,Ergon Energy,OK,73,
2026-10-01T17:45:44Z,2026-10-02T03:45:44+10:00,Essential Energy,OK,3,
2026-10-01T18:01:02Z,2026-10-02T04:01:02+10:00,Energex,OK,56,
2026-10-01T18:01:02Z,2026-10-02T04:01:02+10:00,Ergon Energy,OK,73,
2026-10-01T18:01:02Z,2026-10-02T04:01:02+10:00,Essential Energy,OK,3,
2026-10-01T18:15:42Z,2026-10-02T04:15:42+10:00,Energex,OK,56,
2026-10-01T18:15:42Z,2026-10-02T04:15:42+10:00,Ergon Energy,OK,73,
2026-10-01T18:15:42Z,2026-10-02T04:15:42+10:00,Essential Energy,OK,1,
2026-10-01T18:30:50Z,2026-10-02T04:30:50+10:00,Energex,OK,56,
2026-10-01T18:30:50Z,2026-10-02T04:30:50+10:00,Ergon Energy,OK,73,
2026-10-01T18:30:50Z,2026-10-02T04:30:50+10:00,Essential Energy,OK,1,
2026-10-01T18:45:43Z,2026-10-02T04:45:43+10:00,Energex,OK,56,
2026-10-01T18:45:43Z,2026-10-02T04:45:43+10:00,Ergon Energy,OK,73,
2026-10-01T18:45:43Z,2026-10-02T04:45:43+10:00,Essential Energy,OK,1,
2026-10-01T19:01:10Z,2026-10-02T05:01:10+10:00,Energex,OK,56,
2026-10-01T19:01:10Z,2026-10-02T05:01:10+10:00,Ergon Energy,OK,73,
2026-10-01T19:01:10Z,2026-10-02T05:01:10+10:00,Essential Energy,OK,1,
2026-10-01T19:15:42Z,2026-10-02T05:15:42+10:00,Energex,OK,55,
2026-10-01T19:15:42Z,2026-10-02T05:15:42+10:00,Ergon Energy,OK,74,
2026-10-01T19:15:42Z,2026-10-02T05:15:42+10:00,Essential Energy,OK,1,
2026-10-01T19:30:55Z,2026-10-02T05:30:55+10:00,Energex,OK,56,
2026-10-01T19:30:55Z,2026-10-02T05:30:55+10:00,Ergon Energy,OK,74,
2026-10-01T19:30:55Z,2026-10-02T05:30:55+10:00,Essential Energy,OK,1,
2026-10-01T19:45:59Z,2026-10-02T05:45:59+10:00,Energex,OK,55,
2026-10-01T19:45:59Z,2026-10-02T05:45:59+10:00,Ergon Energy,OK,74,
2026-10-01T19:45:59Z,2026-10-02T05:45:59+10:00,Essential Energy,OK,1,
2026-10-01T20:01:01Z,2026-10-02T06:01:01+10:00,Energex,OK,55,
2026-10-01T20:01:01Z,2026-10-02T06:01:01+10:00,Ergon Energy,OK,74,
2026-10-01T20:01:01Z,2026-10-02T06:01:01+10:00,Essential Energy,OK,1,
2026-10-01T20:15:41Z,2026-10-02T06:15:41+10:00,Energex,OK,55,
2026-10-01T20:15:41Z,2026-10-02T06:15:41+10:00,Ergon Energy,OK,74,
2026-10-01T20:15:41Z,2026-10-02T06:15:41+10:00,Essential Energy,OK,1,
2026-10-01T20:30:56Z,2026-10-02T06:30:56+10:00,Energex,OK,55,
2026-10-01T20:30:56Z,2026-10-02T06:30:56+10:00,Ergon Energy,OK,73,
2026-10-01T20:30:56Z,2026-10-02T06:30:56+10:00,Essential Energy,OK,1,
2026-10-01T20:45:45Z,2026-10-02T06:45:45+10:00,Energex,OK,55,
2026-10-01T20:45:45Z,2026-10-02T06:45:45+10:00,Ergon Energy,OK,73,
2026-10-01T20:45:45Z,2026-10-02T06:45:45+10:00,Essential Energy,OK,1,
2026-10-01T21:01:00Z,2026-10-02T07:01:00+10:00,Energex,OK,55,
2026-10-01T21:01:00Z,2026-10-02T07:01:00+10:00,Ergon Energy,OK,76,
2026-10-01T21:01:00Z,2026-10-02T07:01:00+10:00,Essential Energy,OK,1,
